,type,year,month,day,label,amount
178,CARD_PAYMENT,2024,Décembre,Lundi,Pai Lombarderie,-3.3
179,CARD_PAYMENT,2024,Décembre,Lundi,E.Leclerc,-9.34
180,CARD_PAYMENT,2024,Décembre,Lundi,E.Leclerc,-6.29
181,CARD_PAYMENT,2024,Décembre,Mardi,E.Leclerc,-8.38
183,TOPUP,2024,Décembre,Jeudi,Payment from Ferreira Gaetan,400.0
184,CARD_PAYMENT,2024,Décembre,Jeudi,E.Leclerc,-23.73
185,CARD_PAYMENT,2024,Décembre,Vendredi,Hyper U,-11.16
186,CARD_PAYMENT,2024,Décembre,Vendredi,Les Hameaux Bio 5,-58.01
187,CARD_PAYMENT,2024,Décembre,Vendredi,DIS'Automatic,-0.8
188,CARD_PAYMENT,2024,Décembre,Samedi,E.Leclerc,-15.75
189,CARD_PAYMENT,2024,Décembre,Dimanche,Jodi,-19.44
190,CARD_PAYMENT,2024,Décembre,Samedi,Get Up,-12.0
191,CARD_PAYMENT,2024,Décembre,Samedi,Burger King,-37.14
192,CARD_PAYMENT,2024,Décembre,Lundi,E.Leclerc,-13.95
193,CARD_PAYMENT,2024,Décembre,Mardi,The Coffee House,-9.0
194,CARD_PAYMENT,2024,Décembre,Mardi,Canaille CafÃ©,-5.5
195,CARD_PAYMENT,2024,Décembre,Mardi,Canaille CafÃ©,-7.5
196,CARD_PAYMENT,2024,Décembre,Jeudi,Unan Regie30 Sum,-7.95
197,CARD_PAYMENT,2024,Décembre,Vendredi,E.Leclerc,-2.0
198,CARD_PAYMENT,2024,Décembre,Vendredi,E.Leclerc,-2.0
199,CARD_PAYMENT,2024,Décembre,Vendredi,Pai Lombarderie,-3.3
200,CARD_PAYMENT,2024,Décembre,Samedi,Les Hameaux Bio 5,-42.8
201,CARD_PAYMENT,2024,Décembre,Samedi,Carrefour,-8.83
202,CARD_PAYMENT,2024,Décembre,Samedi,Carrefour,-44.0
203,CARD_PAYMENT,2024,Décembre,Dimanche,Open Bloc,-4.2
204,CARD_PAYMENT,2024,Décembre,Dimanche,Open Bloc,-14.0
205,TOPUP,2024,Décembre,Lundi,Payment from Ferreira,55.0
206,CARD_PAYMENT,2024,Décembre,Samedi,Papaia,-14.0
207,CARD_PAYMENT,2024,Décembre,Samedi,Fnac,-4.99
208,CARD_PAYMENT,2024,Décembre,Mercredi,E.Leclerc,-8.04
209,CARD_PAYMENT,2024,Décembre,Jeudi,E.Leclerc,-8.35
210,TOPUP,2024,Décembre,Vendredi,Payment from Ferreira Gaetan,50.0
211,CARD_PAYMENT,2024,Décembre,Vendredi,The Cornishman,-7.0
212,CARD_PAYMENT,2024,Décembre,Vendredi,Pai Lombarderie,-3.3
213,CARD_PAYMENT,2024,Décembre,Vendredi,Canaille CafÃ©,-7.5
214,CARD_PAYMENT,2024,Décembre,Vendredi,Les Hameaux Bio 5,-54.64
215,CARD_PAYMENT,2024,Décembre,Vendredi,E.Leclerc,-12.12
216,CARD_PAYMENT,2024,Décembre,Samedi,Super U,-5.85
217,TOPUP,2024,Décembre,Lundi,Payment from Ferreira,100.0
218,CARD_PAYMENT,2024,Décembre,Lundi,E.Leclerc,-17.35
106,CARD_PAYMENT,2024,Novembre,Vendredi,Burger King,-11.6
107,TOPUP,2024,Novembre,Samedi,Payment from Ferreira Gaetan,100.0
108,CARD_PAYMENT,2024,Novembre,Vendredi,La Cause,-6.8
109,TOPUP,2024,Novembre,Samedi,Payment from Ferreira Gaetan,150.0
110,CARD_PAYMENT,2024,Novembre,Samedi,Les Hameaux Bio 5,-48.87
111,CARD_PAYMENT,2024,Novembre,Samedi,E.Leclerc,-9.99
112,CARD_PAYMENT,2024,Novembre,Samedi,Decathlon,-148.9
113,CARD_PAYMENT,2024,Novembre,Dimanche,Vertical'Art,-14.0
114,CARD_PAYMENT,2024,Novembre,Lundi,E.Leclerc,-3.37
115,TOPUP,2024,Novembre,Mardi,Payment from Ferreira Gaetan,100.0
116,CARD_PAYMENT,2024,Novembre,Mardi,Pai Lombarderie,-1.85
117,CARD_PAYMENT,2024,Novembre,Mardi,The Coffee House,-9.8
118,CARD_PAYMENT,2024,Novembre,Mardi,The Coffee House,-8.0
119,CARD_PAYMENT,2024,Novembre,Mardi,The Coffee House,-8.0
120,CARD_PAYMENT,2024,Novembre,Mardi,The Coffee House,-8.0
121,CARD_PAYMENT,2024,Novembre,Mercredi,DIS'Automatic,-0.5
122,CARD_PAYMENT,2024,Novembre,Jeudi,Carrefour,-22.72
123,CARD_PAYMENT,2024,Novembre,Jeudi,E.Leclerc,-4.66
124,CARD_PAYMENT,2024,Novembre,Samedi,U Express,-5.77
125,CARD_PAYMENT,2024,Novembre,Dimanche,Flash Net,-5.0
126,CARD_PAYMENT,2024,Novembre,Dimanche,Flash Net,-0.7
127,CARD_PAYMENT,2024,Novembre,Dimanche,Flash Net,-3.6
128,CARD_PAYMENT,2024,Novembre,Dimanche,Flash Net,-3.6
129,CARD_PAYMENT,2024,Novembre,Dimanche,Flash Net,-0.7
130,CARD_PAYMENT,2024,Novembre,Samedi,Papaia,-14.0
131,CARD_PAYMENT,2024,Novembre,Lundi,E.Leclerc,-8.47
132,CARD_PAYMENT,2024,Novembre,Lundi,Decathlon,-12.0
133,CARD_PAYMENT,2024,Novembre,Mardi,E.Leclerc,-4.74
134,TOPUP,2024,Novembre,Vendredi,Payment from Ferreira Gaetan,200.0
135,CARD_PAYMENT,2024,Novembre,Vendredi,Les Hameaux Bio 5,-93.99
136,CARD_PAYMENT,2024,Novembre,Samedi,NaturÃ©o La Chapelle-sur-Erdre,-6.55
137,CARD_PAYMENT,2024,Novembre,Samedi,Papaia,-14.0
138,CARD_PAYMENT,2024,Novembre,Lundi,E.Leclerc,-6.83
139,CARD_PAYMENT,2024,Novembre,Mardi,E.Leclerc,-6.25
140,CARD_PAYMENT,2024,Novembre,Mercredi,Game Over,-7.0
141,CARD_PAYMENT,2024,Novembre,Mercredi,Game Over,-7.0
142,TOPUP,2024,Novembre,Vendredi,Payment from Ferreira,100.0
143,CARD_PAYMENT,2024,Novembre,Jeudi,E.Leclerc,-10.05
144,CARD_PAYMENT,2024,Novembre,Jeudi,Barberousse Nantes,-8.0
145,CARD_PAYMENT,2024,Novembre,Mercredi,Barberousse Nantes,-8.0
146,CARD_PAYMENT,2024,Novembre,Jeudi,Barberousse Nantes,-13.0
147,CARD_PAYMENT,2024,Novembre,Samedi,Monoprix,-10.5
148,CARD_PAYMENT,2024,Novembre,Samedi,Topivo,-11.0
149,CARD_PAYMENT,2024,Novembre,Samedi,Topivo,-10.0
150,CARD_PAYMENT,2024,Novembre,Samedi,Topivo,-11.0
151,CARD_PAYMENT,2024,Novembre,Dimanche,IntermarchÃ©,-27.57
152,CARD_PAYMENT,2024,Novembre,Dimanche,Mr Haie,-6.86
153,CARD_PAYMENT,2024,Novembre,Dimanche,Lave Conso,-2.0
154,CARD_PAYMENT,2024,Novembre,Dimanche,Lave Conso,-2.0
155,CARD_PAYMENT,2024,Novembre,Dimanche,Lave Conso,-2.0
156,CARD_PAYMENT,2024,Novembre,Dimanche,Lave Conso,-7.0
157,CARD_PAYMENT,2024,Novembre,Lundi,Pai Lombarderie,-1.4
158,TOPUP,2024,Novembre,Mardi,Payment from Ferreira Gaetan,50.0
159,CARD_PAYMENT,2024,Novembre,Mardi,Game Over,-12.0
160,CARD_PAYMENT,2024,Novembre,Mardi,Pai Lombarderie,-1.85
161,CARD_PAYMENT,2024,Novembre,Mardi,Pai Lombarderie,-1.0
162,CARD_PAYMENT,2024,Novembre,Mardi,E.Leclerc,-6.04
163,CARD_PAYMENT,2024,Novembre,Mardi,DIS'Automatic,-0.5
164,CARD_PAYMENT,2024,Novembre,Mardi,DIS'Automatic,-0.5
165,CARD_PAYMENT,2024,Novembre,Mardi,The Coffee House,-25.0
166,CARD_PAYMENT,2024,Novembre,Mardi,The Coffee House,-8.0
167,CARD_PAYMENT,2024,Novembre,Mardi,The Coffee House,-8.0
168,TOPUP,2024,Novembre,Jeudi,Payment from Ferreira Gaetan,100.0
169,CARD_PAYMENT,2024,Novembre,Mercredi,E.Leclerc,-7.28
170,CARD_PAYMENT,2024,Novembre,Jeudi,Unan Regie30 Sum,-7.95
171,CARD_PAYMENT,2024,Novembre,Jeudi,E.Leclerc,-7.67
172,CARD_PAYMENT,2024,Novembre,Jeudi,La Coupe Carree,-18.5
173,TOPUP,2024,Novembre,Samedi,Payment from Ferreira Gaetan,30.0
174,CARD_PAYMENT,2024,Novembre,Vendredi,Les Hameaux Bio 5,-49.81
175,CARD_PAYMENT,2024,Novembre,Vendredi,E.Leclerc,-16.07
176,CARD_PAYMENT,2024,Novembre,Samedi,Hyper U,-6.95
177,CARD_PAYMENT,2024,Novembre,Samedi,Comptoir Quebec,-10.0
182,CARD_PAYMENT,2024,Novembre,Samedi,Mb Nantes Carme,-2.8
59,CARD_PAYMENT,2024,Octobre,Mardi,Ypo Camp Cecv,-19.0
60,CARD_PAYMENT,2024,Octobre,Mardi,E.Leclerc,-13.7
61,CARD_PAYMENT,2024,Octobre,Vendredi,E.Leclerc,-11.02
62,CARD_PAYMENT,2024,Octobre,Samedi,La Poste,-5.64
63,TOPUP,2024,Octobre,Dimanche,Payment from Ferreira Gaetan,400.0
64,CARD_PAYMENT,2024,Octobre,Dimanche,Flash Net,-2.4
65,CARD_PAYMENT,2024,Octobre,Dimanche,Flash Net,-1.2
66,CARD_PAYMENT,2024,Octobre,Dimanche,Flash Net,-8.5
67,CARD_PAYMENT,2024,Octobre,Dimanche,Flash Net,-1.2
68,CARD_PAYMENT,2024,Octobre,Dimanche,Flash Net,-5.0
69,CARD_PAYMENT,2024,Octobre,Dimanche,Flash Net,-3.6
70,CARD_PAYMENT,2024,Octobre,Dimanche,Flash Net,-2.4
71,CARD_PAYMENT,2024,Octobre,Dimanche,Flash Net,-2.4
72,CARD_PAYMENT,2024,Octobre,Mardi,La Coupe Carree,-24.0
73,CARD_PAYMENT,2024,Octobre,Mardi,DIS'Automatic,-0.9
74,CARD_PAYMENT,2024,Octobre,Mardi,E.Leclerc,-3.36
75,CARD_PAYMENT,2024,Octobre,Mardi,E.Leclerc,-12.44
76,CARD_PAYMENT,2024,Octobre,Jeudi,E.Leclerc,-17.53
77,CARD_PAYMENT,2024,Octobre,Jeudi,E.Leclerc,-6.18
78,CARD_PAYMENT,2024,Octobre,Vendredi,Les Hameaux Bio 5,-56.4
79,CARD_PAYMENT,2024,Octobre,Vendredi,E.Leclerc,-6.52
80,CARD_PAYMENT,2024,Octobre,Vendredi,CafÃ© de la Beaujoire,-8.4
81,CARD_PAYMENT,2024,Octobre,Samedi,La Terrasse de lâÃle,-1.0
82,CARD_PAYMENT,2024,Octobre,Samedi,La Terrasse de lâÃle,-6.0
83,CARD_PAYMENT,2024,Octobre,Samedi,Papaia,-14.5
84,CARD_PAYMENT,2024,Octobre,Mercredi,Boulangerie Ange,-0.95
85,CARD_PAYMENT,2024,Octobre,Mercredi,Le Cote Plage,-3.0
86,CARD_PAYMENT,2024,Octobre,Mercredi,Le Cote Plage,-8.5
87,CARD_PAYMENT,2024,Octobre,Mercredi,Le Cote Plage,-11.5
88,CARD_PAYMENT,2024,Octobre,Jeudi,Au Chat Noir,-6.5
89,CARD_PAYMENT,2024,Octobre,Jeudi,Au Chat Noir,-6.5
90,CARD_PAYMENT,2024,Octobre,Jeudi,E.Leclerc,-7.08
91,CARD_PAYMENT,2024,Octobre,Jeudi,Le Joffre,-5.2
92,CARD_PAYMENT,2024,Octobre,Samedi,E.Leclerc,-16.69
93,CARD_PAYMENT,2024,Octobre,Vendredi,E.Leclerc,-11.92
94,CARD_PAYMENT,2024,Octobre,Mardi,La Coupe Carree,-24.0
95,CARD_PAYMENT,2024,Octobre,Vendredi,Les Hameaux Bio 5,-57.17
96,CARD_PAYMENT,2024,Octobre,Vendredi,Antargaz,-44.6
97,CARD_PAYMENT,2024,Octobre,Samedi,Le Ferrailleur,-34.0
98,CARD_PAYMENT,2024,Octobre,Dimanche,Le Ferrailleur,-8.5
99,CARD_PAYMENT,2024,Octobre,Dimanche,Le Ferrailleur,-8.5
100,CARD_PAYMENT,2024,Octobre,Lundi,DIS'Automatic,-0.9
101,TOPUP,2024,Octobre,Jeudi,Payment from Ferreira Gaetan,50.0
102,CARD_PAYMENT,2024,Octobre,Jeudi,La Cause,-6.8
103,CARD_PAYMENT,2024,Octobre,Jeudi,La Cause,-6.8
104,CARD_PAYMENT,2024,Octobre,Jeudi,La Cause,-8.8
105,CARD_PAYMENT,2024,Octobre,Jeudi,La Cause,-6.8
0,TOPUP,2024,Septembre,Mardi,Payment from Ferreira Gaetan,500.0
1,CARD_PAYMENT,2024,Septembre,Mardi,Clinique Veterinair,-37.3
2,CARD_PAYMENT,2024,Septembre,Mercredi,CALAO Finance,-5.72
3,CARD_PAYMENT,2024,Septembre,Vendredi,E.Leclerc,-6.8
4,CARD_PAYMENT,2024,Septembre,Vendredi,Les Hameaux Bio 5,-78.87
5,CARD_PAYMENT,2024,Septembre,Mercredi,Les Chiens Stup,-10.5
6,CARD_PAYMENT,2024,Septembre,Mercredi,Les Chiens Stup,-3.5
7,CARD_PAYMENT,2024,Septembre,Mercredi,Les Chiens Stup,-4.5
8,CARD_PAYMENT,2024,Septembre,Jeudi,Unan Regie30 Sum,-7.95
9,CARD_PAYMENT,2024,Septembre,Jeudi,E.Leclerc,-0.25
10,CARD_PAYMENT,2024,Septembre,Jeudi,E.Leclerc,-13.3
11,CARD_PAYMENT,2024,Septembre,Vendredi,Cta Carquefou,-95.0
12,CARD_PAYMENT,2024,Septembre,Jeudi,The Coffee House,-8.0
13,CARD_PAYMENT,2024,Septembre,Jeudi,The Coffee House,-4.5
14,CARD_PAYMENT,2024,Septembre,Jeudi,Decathlon,-16.4
15,CARD_PAYMENT,2024,Septembre,Vendredi,Les Hameaux Bio 5,-61.38
16,CARD_PAYMENT,2024,Septembre,Dimanche,Flash Net,-5.0
17,CARD_PAYMENT,2024,Septembre,Dimanche,Flash Net,-1.2
18,CARD_PAYMENT,2024,Septembre,Dimanche,Flash Net,-0.7
19,CARD_PAYMENT,2024,Septembre,Dimanche,Flash Net,-4.5
20,CARD_PAYMENT,2024,Septembre,Dimanche,Flash Net,-1.2
21,CARD_PAYMENT,2024,Septembre,Dimanche,Flash Net,-1.2
22,CARD_PAYMENT,2024,Septembre,Dimanche,Flash Net,-0.7
23,CARD_PAYMENT,2024,Septembre,Dimanche,Flash Net,-0.7
24,CARD_PAYMENT,2024,Septembre,Dimanche,Flash Net,-0.7
25,CARD_PAYMENT,2024,Septembre,Dimanche,Flash Net,-1.2
26,CARD_PAYMENT,2024,Septembre,Vendredi,Papaia,-14.5
27,TOPUP,2024,Septembre,Lundi,Payment from Ferreira,200.0
28,CARD_PAYMENT,2024,Septembre,Lundi,E.Leclerc,-13.17
29,CARD_PAYMENT,2024,Septembre,Lundi,Les Hameaux Bio 5,-9.76
30,CARD_PAYMENT,2024,Septembre,Lundi,Decathlon,-9.8
31,CARD_PAYMENT,2024,Septembre,Mardi,IntermarchÃ©,-5.04
32,CARD_PAYMENT,2024,Septembre,Lundi,DEVRED,-144.97
33,CARD_PAYMENT,2024,Septembre,Mercredi,IntermarchÃ©,-10.76
34,CARD_PAYMENT,2024,Septembre,Jeudi,IntermarchÃ©,-10.23
35,CARD_PAYMENT,2024,Septembre,Jeudi,Dr Vasseur Conf,-45.0
36,CARD_PAYMENT,2024,Septembre,Vendredi,IntermarchÃ©,-20.75
37,CARD_PAYMENT,2024,Septembre,Vendredi,Biocoop,-84.25
38,TOPUP,2024,Septembre,Samedi,Payment from Ferreira Gaetan,100.0
39,CARD_PAYMENT,2024,Septembre,Samedi,Naoned Ink Tatt,-12.0
40,CARD_PAYMENT,2024,Septembre,Samedi,Millesimes,-8.35
41,CARD_PAYMENT,2024,Septembre,Samedi,Carrefour,-6.93
42,CARD_PAYMENT,2024,Septembre,Samedi,Calma,-11.0
43,CARD_PAYMENT,2024,Septembre,Lundi,IntermarchÃ©,-9.09
44,CARD_PAYMENT,2024,Septembre,Mardi,IntermarchÃ©,-6.19
45,CARD_PAYMENT,2024,Septembre,Mercredi,IntermarchÃ©,-12.72
46,TOPUP,2024,Septembre,Jeudi,Payment from Ferreira Gaetan,200.0
47,TOPUP,2024,Septembre,Jeudi,Payment from Ferreira Gaetan,200.0
48,CARD_PAYMENT,2024,Septembre,Jeudi,Unan Regie30 Sum,-7.95
49,CARD_PAYMENT,2024,Septembre,Jeudi,DIS'Automatic,-0.9
50,CARD_PAYMENT,2024,Septembre,Jeudi,DIS'Automatic,-0.8
51,CARD_PAYMENT,2024,Septembre,Jeudi,DIS'Automatic,-0.9
52,CARD_PAYMENT,2024,Septembre,Jeudi,Corpus Memori,-108.0
53,TOPUP,2024,Septembre,Vendredi,Payment from Ferreira Gaetan,100.0
54,CARD_PAYMENT,2024,Septembre,Jeudi,Optique Gouraud,-282.0
55,CARD_PAYMENT,2024,Septembre,Vendredi,IntermarchÃ©,-8.43
56,CARD_PAYMENT,2024,Septembre,Vendredi,Les Hameaux Bio 5,-72.8
57,CARD_PAYMENT,2024,Septembre,Samedi,Biocoop,-4.7
58,CARD_PAYMENT,2024,Septembre,Samedi,Papaia,-14.5
498,CARD_PAYMENT,2025,Avril,Mardi,La Bodega,-7.7
499,CARD_PAYMENT,2025,Avril,Mardi,DIS'Automatic,-0.65
500,CARD_PAYMENT,2025,Avril,Mardi,DIS'Automatic,-0.7
501,CARD_PAYMENT,2025,Avril,Mardi,DIS'Automatic,-0.95
502,CARD_PAYMENT,2025,Avril,Mardi,DIS'Automatic,-0.65
503,CARD_PAYMENT,2025,Avril,Mardi,DIS'Automatic,-0.7
504,CARD_PAYMENT,2025,Avril,Mardi,DIS'Automatic,-0.65
505,CARD_PAYMENT,2025,Avril,Mardi,DIS'Automatic,-0.65
506,CARD_PAYMENT,2025,Avril,Mardi,Game Over,-9.0
507,CARD_PAYMENT,2025,Avril,Mardi,Game Over,-12.0
508,CARD_PAYMENT,2025,Avril,Mercredi,CALAO Finance,-7.69
509,CARD_PAYMENT,2025,Avril,Mercredi,DIS'Automatic,-0.7
510,CARD_PAYMENT,2025,Avril,Mercredi,DIS'Automatic,-0.95
511,TOPUP,2025,Avril,Jeudi,Payment from Ferreira Gaetan,100.0
512,CARD_PAYMENT,2025,Avril,Jeudi,Super U,-28.23
513,CARD_PAYMENT,2025,Avril,Jeudi,Feydeau,-6.3
514,TOPUP,2025,Avril,Samedi,Payment from Ferreira Gaetan,100.0
515,CARD_PAYMENT,2025,Avril,Vendredi,Pains Et Gourmandis,-2.65
516,CARD_PAYMENT,2025,Avril,Vendredi,CALAO Finance,-10.0
517,CARD_PAYMENT,2025,Avril,Vendredi,Hyper U,-14.29
518,CARD_PAYMENT,2025,Avril,Vendredi,DIS'Automatic,-0.7
519,TOPUP,2025,Avril,Samedi,Payment from Ferreira Gaetan,100.0
520,CARD_PAYMENT,2025,Avril,Samedi,Super U,-36.93
521,CARD_PAYMENT,2025,Avril,Samedi,Lefkas,-106.25
522,CARD_PAYMENT,2025,Avril,Samedi,Auto Moto,-87.21
523,TOPUP,2025,Avril,Lundi,Payment from Ferreira Gaetan,400.0
524,CARD_PAYMENT,2025,Avril,Lundi,E.Leclerc,-33.5
525,CARD_PAYMENT,2025,Avril,Lundi,Dafy Moto Orvaul,-277.47
526,CARD_PAYMENT,2025,Avril,Lundi,Carrefour,-7.64
527,CARD_PAYMENT,2025,Avril,Mardi,Super U,-3.78
528,CARD_PAYMENT,2025,Avril,Mercredi,Phcie Toutes Aides,-7.92
529,CARD_PAYMENT,2025,Avril,Mercredi,Unan Regie30 Sum,-9.0
530,CARD_PAYMENT,2025,Avril,Jeudi,Boulangerie Deslandes,-3.65
531,CARD_PAYMENT,2025,Avril,Vendredi,E.Leclerc,-15.36
532,CARD_PAYMENT,2025,Avril,Samedi,Les Hameaux Bio 5,-21.75
533,CARD_PAYMENT,2025,Avril,Mardi,E.Leclerc,-13.73
534,CARD_PAYMENT,2025,Avril,Mercredi,TotalEnergies,-10.05
535,TOPUP,2025,Avril,Mercredi,Payment from Ferreira Gaetan,100.0
536,CARD_PAYMENT,2025,Avril,Mercredi,TotalEnergies,-20.0
537,CARD_PAYMENT,2025,Avril,Mercredi,Astikoto,-10.0
538,CARD_PAYMENT,2025,Avril,Jeudi,E.Leclerc,-39.93
539,CARD_PAYMENT,2025,Avril,Vendredi,Station U,-26.08
540,CARD_PAYMENT,2025,Avril,Vendredi,Magasin U,-2.06
541,CARD_PAYMENT,2025,Avril,Samedi,Le Ferrailleur,-3.53
542,TOPUP,2025,Avril,Samedi,Payment from Ferreira Gaetan,200.0
543,CARD_PAYMENT,2025,Avril,Samedi,Lefkas,-0.05
544,CARD_PAYMENT,2025,Avril,Samedi,La Terrasse de lâÃle,-10.6
545,CARD_PAYMENT,2025,Avril,Samedi,Papaia,-30.0
546,CARD_PAYMENT,2025,Avril,Samedi,Le Ferrailleur,-4.5
547,CARD_PAYMENT,2025,Avril,Samedi,Canaille cafe brasserie,-18.4
548,CARD_PAYMENT,2025,Avril,Samedi,Le Ferrailleur,-12.0
549,CARD_PAYMENT,2025,Avril,Lundi,Caroline,-10.0
550,CARD_PAYMENT,2025,Avril,Lundi,Le Joffre,-12.0
551,CARD_PAYMENT,2025,Avril,Lundi,Le Joffre,-9.0
552,CARD_PAYMENT,2025,Avril,Mardi,Hyper U,-4.12
553,CARD_PAYMENT,2025,Avril,Lundi,Barberousse Nantes,-10.0
554,CARD_PAYMENT,2025,Avril,Mardi,DIS'Automatic,-0.95
555,CARD_PAYMENT,2025,Avril,Mardi,DIS'Automatic,-0.7
556,CARD_PAYMENT,2025,Avril,Mardi,DIS'Automatic,-0.65
557,CARD_PAYMENT,2025,Avril,Mardi,DIS'Automatic,-0.7
558,CARD_PAYMENT,2025,Avril,Mardi,NaturÃ©o La Chapelle-sur-Erdre,-17.95
559,CARD_PAYMENT,2025,Avril,Mercredi,Hyper U,-6.56
560,CARD_PAYMENT,2025,Avril,Mercredi,DIS'Automatic,-0.7
561,CARD_PAYMENT,2025,Avril,Jeudi,IntermarchÃ©,-14.85
562,CARD_PAYMENT,2025,Avril,Jeudi,DIS'Automatic,-0.7
563,CARD_PAYMENT,2025,Avril,Jeudi,DIS'Automatic,-0.65
564,CARD_PAYMENT,2025,Avril,Jeudi,DIS'Automatic,-0.65
565,CARD_PAYMENT,2025,Avril,Jeudi,DIS'Automatic,-0.7
566,CARD_PAYMENT,2025,Avril,Jeudi,DIS'Automatic,-0.95
567,CARD_PAYMENT,2025,Avril,Jeudi,DIS'Automatic,-0.65
568,CARD_PAYMENT,2025,Avril,Jeudi,DIS'Automatic,-0.65
569,CARD_PAYMENT,2025,Avril,Jeudi,DIS'Automatic,-0.65
570,CARD_PAYMENT,2025,Avril,Jeudi,The Coffee House,-8.0
571,TOPUP,2025,Avril,Samedi,Payment from Ferreira Gaetan,200.0
572,CARD_PAYMENT,2025,Avril,Vendredi,IntermarchÃ©,-25.91
573,CARD_PAYMENT,2025,Avril,Vendredi,DIS'Automatic,-0.95
574,CARD_PAYMENT,2025,Avril,Vendredi,DIS'Automatic,-0.95
575,CARD_PAYMENT,2025,Avril,Vendredi,DIS'Automatic,-0.8
576,CARD_PAYMENT,2025,Avril,Vendredi,DIS'Automatic,-0.95
577,CARD_PAYMENT,2025,Avril,Vendredi,DIS'Automatic,-1.1
578,CARD_PAYMENT,2025,Avril,Vendredi,DIS'Automatic,-0.8
579,CARD_PAYMENT,2025,Avril,Vendredi,DIS'Automatic,-0.65
580,CARD_PAYMENT,2025,Avril,Vendredi,DIS'Automatic,-0.95
581,CARD_PAYMENT,2025,Avril,Vendredi,DIS'Automatic,-0.65
582,CARD_PAYMENT,2025,Avril,Vendredi,DIS'Automatic,-1.05
583,CARD_PAYMENT,2025,Avril,Vendredi,DIS'Automatic,-0.65
584,CARD_PAYMENT,2025,Avril,Vendredi,DIS'Automatic,-0.7
585,CARD_PAYMENT,2025,Avril,Samedi,IntermarchÃ©,-15.42
586,CARD_PAYMENT,2025,Avril,Dimanche,Papaia,-10.0
587,CARD_PAYMENT,2025,Avril,Lundi,Les Fleurs Du Ma,-4.7
588,CARD_PAYMENT,2025,Avril,Lundi,Les Fleurs Du Ma,-4.7
589,CARD_PAYMENT,2025,Avril,Mardi,IntermarchÃ©,-12.58
590,CARD_PAYMENT,2025,Avril,Mardi,DIS'Automatic,-0.65
591,CARD_PAYMENT,2025,Avril,Mardi,DIS'Automatic,-0.95
592,CARD_PAYMENT,2025,Avril,Mardi,DIS'Automatic,-0.65
593,CARD_PAYMENT,2025,Avril,Mardi,DIS'Automatic,-0.65
594,CARD_PAYMENT,2025,Avril,Mardi,DIS'Automatic,-0.65
595,CARD_PAYMENT,2025,Avril,Mardi,DIS'Automatic,-0.95
596,CARD_PAYMENT,2025,Avril,Mardi,DIS'Automatic,-0.7
597,CARD_PAYMENT,2025,Avril,Mardi,F&d,-28.0
598,CARD_PAYMENT,2025,Avril,Mardi,Game Over,-14.0
599,CARD_PAYMENT,2025,Avril,Mercredi,DIS'Automatic,-0.95
600,CARD_PAYMENT,2025,Avril,Mercredi,DIS'Automatic,-0.65
601,CARD_PAYMENT,2025,Avril,Mercredi,DIS'Automatic,-0.7
603,CARD_PAYMENT,2025,Avril,Mercredi,The Coffee House,-8.0
604,CARD_PAYMENT,2025,Avril,Mercredi,The Coffee House,-11.5
605,CARD_PAYMENT,2025,Avril,Mercredi,The Coffee House,-11.2
606,CARD_PAYMENT,2025,Avril,Mercredi,Carrefour,-19.46
294,TOPUP,2025,Février,Samedi,Payment from Ferreira Gaetan,50.0
295,TOPUP,2025,Février,Samedi,Payment from Ferreira Gaetan,15.0
297,CARD_PAYMENT,2025,Février,Samedi,Flash Net,-1.2
298,CARD_PAYMENT,2025,Février,Samedi,Flash Net,-1.2
299,CARD_PAYMENT,2025,Février,Samedi,Flash Net,-5.0
300,CARD_PAYMENT,2025,Février,Samedi,Flash Net,-1.2
301,CARD_PAYMENT,2025,Février,Samedi,Les Hameaux Bio 5,-39.33
302,CARD_PAYMENT,2025,Février,Samedi,E.Leclerc,-3.94
303,CARD_PAYMENT,2025,Février,Samedi,E.Leclerc,-1.77
304,CARD_PAYMENT,2025,Février,Samedi,Flash Net,-1.2
305,CARD_PAYMENT,2025,Février,Samedi,IntermarchÃ©,-14.56
306,CARD_PAYMENT,2025,Février,Samedi,La Coupe Carree,-13.0
307,TOPUP,2025,Février,Lundi,Payment from Ferreira Gaetan,100.0
308,TOPUP,2025,Février,Lundi,Payment from Ferreira Gaetan,600.0
309,CARD_PAYMENT,2025,Février,Lundi,E.Leclerc,-5.33
310,CARD_PAYMENT,2025,Février,Lundi,Pai Lombarderie,-1.85
311,CARD_PAYMENT,2025,Février,Lundi,The Coffee House,-12.5
312,CARD_PAYMENT,2025,Février,Lundi,The Coffee House,-5.0
313,CARD_PAYMENT,2025,Février,Lundi,The Coffee House,-12.5
314,CARD_PAYMENT,2025,Février,Lundi,The Coffee House,-12.0
315,CARD_PAYMENT,2025,Février,Lundi,The Coffee House,-12.0
316,CARD_PAYMENT,2025,Février,Mardi,Pai Lombarderie,-1.85
317,CARD_PAYMENT,2025,Février,Lundi,Bioliance,-21.2
318,CARD_PAYMENT,2025,Février,Mercredi,Pai Lombarderie,-1.85
319,CARD_PAYMENT,2025,Février,Mercredi,E.Leclerc,-4.69
320,CARD_PAYMENT,2025,Février,Mardi,The Coffee House,-16.0
321,CARD_PAYMENT,2025,Février,Mardi,The Coffee House,-4.2
322,CARD_PAYMENT,2025,Février,Jeudi,E.Leclerc,-3.23
323,CARD_PAYMENT,2025,Février,Vendredi,Les Hameaux Bio 5,-72.56
324,CARD_PAYMENT,2025,Février,Vendredi,CALAO Finance,-7.78
325,CARD_PAYMENT,2025,Février,Jeudi,The Coffee House,-8.0
326,CARD_PAYMENT,2025,Février,Jeudi,The Coffee House,-4.2
327,CARD_PAYMENT,2025,Février,Jeudi,The Coffee House,-8.5
328,CARD_PAYMENT,2025,Février,Jeudi,E.Leclerc,-0.6
329,CARD_PAYMENT,2025,Février,Dimanche,IntermarchÃ©,-3.84
330,CARD_PAYMENT,2025,Février,Dimanche,Flash Net,-5.0
331,CARD_PAYMENT,2025,Février,Dimanche,Flash Net,-2.4
332,CARD_PAYMENT,2025,Février,Dimanche,Flash Net,-1.2
333,CARD_PAYMENT,2025,Février,Samedi,Papaia,-16.0
334,CARD_PAYMENT,2025,Février,Lundi,DIS'Automatic,-0.95
335,CARD_PAYMENT,2025,Février,Lundi,DIS'Automatic,-0.7
336,CARD_PAYMENT,2025,Février,Lundi,DIS'Automatic,-0.95
337,CARD_PAYMENT,2025,Février,Lundi,Jul 0417,-25.99
338,CARD_PAYMENT,2025,Février,Lundi,Pai Lombarderie,-1.4
339,CARD_PAYMENT,2025,Février,Mercredi,DIS'Automatic,-0.95
340,CARD_PAYMENT,2025,Février,Mercredi,DIS'Automatic,-0.7
341,CARD_PAYMENT,2025,Février,Mercredi,DIS'Automatic,-0.7
342,CARD_PAYMENT,2025,Février,Mercredi,DIS'Automatic,-0.55
343,CARD_PAYMENT,2025,Février,Jeudi,DIS'Automatic,-0.7
344,CARD_PAYMENT,2025,Février,Jeudi,DIS'Automatic,-0.7
345,CARD_PAYMENT,2025,Février,Jeudi,DIS'Automatic,-0.7
346,CARD_PAYMENT,2025,Février,Mercredi,The Coffee House,-8.0
347,CARD_PAYMENT,2025,Février,Vendredi,Carrefour,-44.0
348,CARD_PAYMENT,2025,Février,Vendredi,E.Leclerc,-13.83
349,CARD_PAYMENT,2025,Février,Vendredi,Les Chiens Stup,-2.0
350,CARD_PAYMENT,2025,Février,Vendredi,Les Chiens Stup,-2.5
351,CARD_PAYMENT,2025,Février,Vendredi,Les Chiens Stup,-8.0
352,CARD_PAYMENT,2025,Février,Vendredi,Rue de la Baclerie,-49.8
353,CARD_PAYMENT,2025,Février,Vendredi,Les Hameaux Bio 5,-74.71
354,CARD_PAYMENT,2025,Février,Samedi,Le Commerce,-25.8
355,CARD_PAYMENT,2025,Février,Samedi,Meltdown Esport,-4.5
356,CARD_PAYMENT,2025,Février,Samedi,Sub Ouest,-13.9
357,CARD_PAYMENT,2025,Février,Samedi,Le 13 et 3,-4.2
358,CARD_PAYMENT,2025,Février,Vendredi,Le 13 et 3,-15.7
359,CARD_PAYMENT,2025,Février,Vendredi,Le 13 et 3,-13.7
360,CARD_PAYMENT,2025,Février,Lundi,Super U,-8.35
361,CARD_PAYMENT,2025,Février,Dimanche,Papaia,-16.0
362,CARD_PAYMENT,2025,Février,Jeudi,E.Leclerc,-9.9
363,CARD_PAYMENT,2025,Février,Vendredi,Photomaton,-8.0
364,CARD_PAYMENT,2025,Février,Samedi,Hyper U,-24.02
365,CARD_PAYMENT,2025,Février,Samedi,NaturÃ©o La Chapelle-sur-Erdre,-11.82
366,CARD_PAYMENT,2025,Février,Samedi,Lidl,-0.75
367,CARD_PAYMENT,2025,Février,Samedi,Papaia,-14.0
368,CARD_PAYMENT,2025,Février,Lundi,DIS'Automatic,-0.7
369,CARD_PAYMENT,2025,Février,Lundi,DIS'Automatic,-0.55
370,CARD_PAYMENT,2025,Février,Lundi,The Coffee House,-19.0
371,CARD_PAYMENT,2025,Février,Mardi,E.Leclerc,-1.84
372,CARD_PAYMENT,2025,Février,Mercredi,CALAO Finance,-2.64
373,CARD_PAYMENT,2025,Février,Jeudi,E.Leclerc,-1.69
374,TOPUP,2025,Février,Vendredi,Payment from Ferreira Gaetan,100.0
375,CARD_PAYMENT,2025,Février,Vendredi,Pai Lombarderie,-1.15
376,CARD_PAYMENT,2025,Février,Vendredi,Les Hameaux Bio 5,-46.59
377,CARD_PAYMENT,2025,Février,Vendredi,DIS'Automatic,-0.7
378,CARD_PAYMENT,2025,Février,Vendredi,DIS'Automatic,-0.55
219,CARD_PAYMENT,2025,Janvier,Lundi,Station U,-43.25
220,CARD_PAYMENT,2025,Janvier,Lundi,Callune,-10.7
221,TOPUP,2025,Janvier,Jeudi,Payment from Ferreira,300.0
222,CARD_PAYMENT,2025,Janvier,Jeudi,Pharma Paridis,-1.34
223,CARD_PAYMENT,2025,Janvier,Jeudi,DEVRED,-49.0
224,CARD_PAYMENT,2025,Janvier,Jeudi,E.Leclerc,-9.95
225,CARD_PAYMENT,2025,Janvier,Jeudi,Lidl,-2.1
226,CARD_PAYMENT,2025,Janvier,Vendredi,DIS'Automatic,-0.4
227,CARD_PAYMENT,2025,Janvier,Vendredi,Ethereal Decib,-5.0
228,CARD_PAYMENT,2025,Janvier,Vendredi,Decadanse,-8.0
229,CARD_PAYMENT,2025,Janvier,Vendredi,Decadanse,-8.0
230,CARD_PAYMENT,2025,Janvier,Samedi,Ethereal Decibel,-10.0
231,CARD_PAYMENT,2025,Janvier,Samedi,Ethereal Decib,-5.0
232,CARD_PAYMENT,2025,Janvier,Samedi,Ethereal Decib,-20.0
233,CARD_PAYMENT,2025,Janvier,Samedi,Decadanse,-8.0
234,CARD_PAYMENT,2025,Janvier,Dimanche,Decadanse,-13.0
235,CARD_PAYMENT,2025,Janvier,Samedi,Ethereal Decibel,-10.0
236,CARD_PAYMENT,2025,Janvier,Samedi,Decadanse,-3.0
237,CARD_PAYMENT,2025,Janvier,Samedi,Decadanse,-18.0
238,CARD_PAYMENT,2025,Janvier,Samedi,Les Hameaux Bio 5,-61.51
239,CARD_PAYMENT,2025,Janvier,Lundi,DIS'Automatic,-0.5
240,CARD_PAYMENT,2025,Janvier,Lundi,DIS'Automatic,-0.5
241,CARD_PAYMENT,2025,Janvier,Lundi,DIS'Automatic,-0.5
242,CARD_PAYMENT,2025,Janvier,Mercredi,Game Over,-7.0
243,CARD_PAYMENT,2025,Janvier,Mercredi,E.Leclerc,-22.23
244,CARD_PAYMENT,2025,Janvier,Mercredi,DIS'Automatic,-0.5
245,CARD_PAYMENT,2025,Janvier,Mercredi,DIS'Automatic,-0.5
246,CARD_PAYMENT,2025,Janvier,Mercredi,DIS'Automatic,-0.9
247,CARD_PAYMENT,2025,Janvier,Jeudi,E.Leclerc,-9.71
248,TOPUP,2025,Janvier,Samedi,Payment from Ferreira Gaetan,200.0
249,CARD_PAYMENT,2025,Janvier,Vendredi,Pai Lombarderie,-1.4
250,CARD_PAYMENT,2025,Janvier,Vendredi,E.Leclerc,-6.37
251,CARD_PAYMENT,2025,Janvier,Vendredi,Les Hameaux Bio 5,-33.29
252,CARD_PAYMENT,2025,Janvier,Samedi,Carrefour,-20.08
253,CARD_PAYMENT,2025,Janvier,Samedi,Carrefour,-14.77
254,CARD_PAYMENT,2025,Janvier,Lundi,DIS'Automatic,-1.0
255,CARD_PAYMENT,2025,Janvier,Lundi,DIS'Automatic,-0.7
256,CARD_PAYMENT,2025,Janvier,Lundi,Vertical'Art,-5.0
257,CARD_PAYMENT,2025,Janvier,Mardi,DIS'Automatic,-0.5
258,CARD_PAYMENT,2025,Janvier,Mercredi,Le Vestiaire,-17.5
259,CARD_PAYMENT,2025,Janvier,Jeudi,Le Vestiaire,-3.8
260,CARD_PAYMENT,2025,Janvier,Mercredi,E.Leclerc,-0.6
261,CARD_PAYMENT,2025,Janvier,Mercredi,E.Leclerc,-5.39
262,CARD_PAYMENT,2025,Janvier,Mercredi,Unan Regie30 Sum,-9.0
263,CARD_PAYMENT,2025,Janvier,Mercredi,DIS'Automatic,-0.55
264,CARD_PAYMENT,2025,Janvier,Jeudi,Burger King,-10.3
265,CARD_PAYMENT,2025,Janvier,Mercredi,SumUp,-15.0
266,CARD_PAYMENT,2025,Janvier,Mercredi,Le Cote Plage,-4.5
267,CARD_PAYMENT,2025,Janvier,Mercredi,Le Cote Plage,-8.5
268,CARD_PAYMENT,2025,Janvier,Mercredi,Le Cote Plage,-8.5
269,TOPUP,2025,Janvier,Samedi,Payment from Ferreira Gaetan,100.0
270,CARD_PAYMENT,2025,Janvier,Vendredi,Pharma Paridis,-4.72
271,CARD_PAYMENT,2025,Janvier,Vendredi,Pai Lombarderie,-1.85
272,CARD_PAYMENT,2025,Janvier,Vendredi,E.Leclerc,-1.7
273,CARD_PAYMENT,2025,Janvier,Vendredi,DIS'Automatic,-0.55
274,CARD_PAYMENT,2025,Janvier,Vendredi,DIS'Automatic,-0.8
275,TOPUP,2025,Janvier,Samedi,Payment from Ferreira Gaetan,100.0
276,CARD_PAYMENT,2025,Janvier,Samedi,Les Hameaux Bio 5,-55.6
277,CARD_PAYMENT,2025,Janvier,Samedi,Carrefour,-44.0
278,CARD_PAYMENT,2025,Janvier,Samedi,E.Leclerc,-2.95
279,CARD_PAYMENT,2025,Janvier,Samedi,Vertical'Art,-130.0
280,CARD_PAYMENT,2025,Janvier,Samedi,Papaia,-16.0
281,CARD_PAYMENT,2025,Janvier,Lundi,E.Leclerc,-0.3
282,CARD_PAYMENT,2025,Janvier,Lundi,E.Leclerc,-0.3
283,CARD_PAYMENT,2025,Janvier,Lundi,E.Leclerc,-0.3
284,CARD_PAYMENT,2025,Janvier,Lundi,DIS'Automatic,-0.55
285,CARD_PAYMENT,2025,Janvier,Lundi,DIS'Automatic,-0.55
286,CARD_PAYMENT,2025,Janvier,Mercredi,Pai Lombarderie,-3.49
287,CARD_PAYMENT,2025,Janvier,Mercredi,Pai Lombarderie,-1.85
288,CARD_PAYMENT,2025,Janvier,Mercredi,DIS'Automatic,-0.55
289,CARD_PAYMENT,2025,Janvier,Jeudi,E.Leclerc,-20.1
290,CARD_PAYMENT,2025,Janvier,Jeudi,E.Leclerc,-2.25
291,CARD_PAYMENT,2025,Janvier,Jeudi,DIS'Automatic,-0.55
292,CARD_PAYMENT,2025,Janvier,Jeudi,DIS'Automatic,-0.55
293,CARD_PAYMENT,2025,Janvier,Jeudi,CALAO Finance,-7.21
296,CARD_PAYMENT,2025,Janvier,Vendredi,E.Leclerc,-9.52
602,TOPUP,2025,Mai,Jeudi,Payment from Ferreira Gaetan,100.0
607,CARD_PAYMENT,2025,Mai,Jeudi,Les Fleurs Du Ma,-3.9
608,CARD_PAYMENT,2025,Mai,Jeudi,Les Fleurs Du Ma,-15.0
609,CARD_PAYMENT,2025,Mai,Jeudi,Les Fleurs Du Ma,-44.4
610,CARD_PAYMENT,2025,Mai,Vendredi,IntermarchÃ©,-31.34
611,CARD_PAYMENT,2025,Mai,Samedi,TotalEnergies,-6.79
612,CARD_PAYMENT,2025,Mai,Samedi,MaxiCoffee,-2.0
613,CARD_PAYMENT,2025,Mai,Samedi,Le Champ de Mars,-12.0
614,CARD_PAYMENT,2025,Mai,Dimanche,Papaia,-32.0
615,CARD_PAYMENT,2025,Mai,Dimanche,Papaia,-2.5
616,TOPUP,2025,Mai,Mardi,Payment from Ferreira Gaetan,400.0
617,CARD_PAYMENT,2025,Mai,Lundi,IntermarchÃ©,-4.87
618,CARD_PAYMENT,2025,Mai,Lundi,CALAO Finance,-6.62
619,CARD_PAYMENT,2025,Mai,Mardi,IntermarchÃ©,-22.28
620,CARD_PAYMENT,2025,Mai,Mardi,DIS'Automatic,-0.8
621,CARD_PAYMENT,2025,Mai,Mercredi,CALAO Finance,-4.44
622,CARD_PAYMENT,2025,Mai,Mercredi,Lbvm Nantes,-7.0
623,CARD_PAYMENT,2025,Mai,Jeudi,Lidl,-21.07
624,CARD_PAYMENT,2025,Mai,Samedi,Carrefour,-60.34
625,CARD_PAYMENT,2025,Mai,Samedi,Carrefour,-44.0
626,CARD_PAYMENT,2025,Mai,Dimanche,Papaia,-32.0
627,CARD_PAYMENT,2025,Mai,Mercredi,DIS'Automatic,-0.8
628,CARD_PAYMENT,2025,Mai,Mercredi,DIS'Automatic,-0.95
629,CARD_PAYMENT,2025,Mai,Mercredi,DIS'Automatic,-0.8
630,CARD_PAYMENT,2025,Mai,Mercredi,DIS'Automatic,-0.65
631,CARD_PAYMENT,2025,Mai,Mercredi,DIS'Automatic,-0.7
632,CARD_PAYMENT,2025,Mai,Mercredi,DIS'Automatic,-0.65
633,CARD_PAYMENT,2025,Mai,Mercredi,DIS'Automatic,-0.65
634,CARD_PAYMENT,2025,Mai,Mercredi,DIS'Automatic,-0.65
635,CARD_PAYMENT,2025,Mai,Mercredi,DIS'Automatic,-0.95
636,CARD_PAYMENT,2025,Mai,Jeudi,F&d,-22.5
637,CARD_PAYMENT,2025,Mai,Vendredi,DIS'Automatic,-0.95
638,CARD_PAYMENT,2025,Mai,Jeudi,Unan Regie30 Sum,-9.0
639,CARD_PAYMENT,2025,Mai,Vendredi,IntermarchÃ©,-29.26
640,CARD_PAYMENT,2025,Mai,Vendredi,DIS'Automatic,-0.65
641,CARD_PAYMENT,2025,Mai,Vendredi,DIS'Automatic,-0.65
642,CARD_PAYMENT,2025,Mai,Vendredi,DIS'Automatic,-0.7
643,CARD_PAYMENT,2025,Mai,Vendredi,DIS'Automatic,-0.65
644,CARD_PAYMENT,2025,Mai,Vendredi,DIS'Automatic,-0.65
645,CARD_PAYMENT,2025,Mai,Vendredi,DIS'Automatic,-0.65
646,CARD_PAYMENT,2025,Mai,Dimanche,Acrocime,-7.0
647,CARD_PAYMENT,2025,Mai,Dimanche,Papaia,-14.5
648,CARD_PAYMENT,2025,Mai,Lundi,Flash Net,-3.6
649,CARD_PAYMENT,2025,Mai,Lundi,Flash Net,-5.0
650,CARD_PAYMENT,2025,Mai,Lundi,Flash Net,-2.4
651,CARD_PAYMENT,2025,Mai,Lundi,Flash Net,-0.7
652,CARD_PAYMENT,2025,Mai,Lundi,Flash Net,-0.7
653,CARD_PAYMENT,2025,Mai,Lundi,DIS'Automatic,-1.1
654,CARD_PAYMENT,2025,Mai,Lundi,DIS'Automatic,-0.7
655,CARD_PAYMENT,2025,Mai,Lundi,DIS'Automatic,-0.7
656,CARD_PAYMENT,2025,Mai,Lundi,IntermarchÃ©,-6.46
657,CARD_PAYMENT,2025,Mai,Mercredi,DIS'Automatic,-1.1
658,CARD_PAYMENT,2025,Mai,Mercredi,DIS'Automatic,-0.65
659,CARD_PAYMENT,2025,Mai,Mercredi,DIS'Automatic,-0.7
660,CARD_PAYMENT,2025,Mai,Vendredi,DIS'Automatic,-0.7
661,CARD_PAYMENT,2025,Mai,Vendredi,DIS'Automatic,-0.65
662,CARD_PAYMENT,2025,Mai,Vendredi,DIS'Automatic,-0.95
663,CARD_PAYMENT,2025,Mai,Vendredi,DIS'Automatic,-0.65
664,CARD_PAYMENT,2025,Mai,Vendredi,DIS'Automatic,-0.65
665,CARD_PAYMENT,2025,Mai,Vendredi,DIS'Automatic,-0.65
666,CARD_PAYMENT,2025,Mai,Vendredi,DIS'Automatic,-0.7
667,CARD_PAYMENT,2025,Mai,Vendredi,DIS'Automatic,-0.65
668,CARD_PAYMENT,2025,Mai,Vendredi,DIS'Automatic,-0.65
669,CARD_PAYMENT,2025,Mai,Vendredi,DIS'Automatic,-0.65
670,CARD_PAYMENT,2025,Mai,Vendredi,DIS'Automatic,-0.95
671,CARD_PAYMENT,2025,Mai,Vendredi,DIS'Automatic,-0.95
672,CARD_PAYMENT,2025,Mai,Jeudi,DIS'Automatic,-0.7
673,CARD_PAYMENT,2025,Mai,Jeudi,DIS'Automatic,-0.7
379,CARD_PAYMENT,2025,Mars,Samedi,Le Ferrailleur,-12.5
380,CARD_PAYMENT,2025,Mars,Lundi,E.Leclerc,-9.67
381,CARD_PAYMENT,2025,Mars,Lundi,DIS'Automatic,-1.05
382,CARD_PAYMENT,2025,Mars,Mardi,DIS'Automatic,-0.7
383,CARD_PAYMENT,2025,Mars,Mardi,Pai Lombarderie,-1.0
384,CARD_PAYMENT,2025,Mars,Mardi,E.Leclerc,-16.06
385,CARD_PAYMENT,2025,Mars,Mardi,Pharma Paridis,-4.72
386,CARD_PAYMENT,2025,Mars,Mercredi,E.Leclerc,-11.34
387,CARD_PAYMENT,2025,Mars,Mercredi,DIS'Automatic,-0.8
388,CARD_PAYMENT,2025,Mars,Mercredi,DIS'Automatic,-0.7
389,CARD_PAYMENT,2025,Mars,Mercredi,DIS'Automatic,-0.7
390,CARD_PAYMENT,2025,Mars,Mercredi,DIS'Automatic,-1.05
391,CARD_PAYMENT,2025,Mars,Mercredi,DIS'Automatic,-0.7
392,TOPUP,2025,Mars,Jeudi,Payment from Ferreira Gaetan,100.0
393,CARD_PAYMENT,2025,Mars,Jeudi,DIS'Automatic,-0.7
394,CARD_PAYMENT,2025,Mars,Jeudi,DIS'Automatic,-0.95
395,CARD_PAYMENT,2025,Mars,Jeudi,DIS'Automatic,-0.95
396,CARD_PAYMENT,2025,Mars,Jeudi,DIS'Automatic,-0.7
397,CARD_PAYMENT,2025,Mars,Jeudi,Pai Lombarderie,-1.4
398,CARD_PAYMENT,2025,Mars,Jeudi,Les Chiens Stup,-11.5
399,CARD_PAYMENT,2025,Mars,Vendredi,DIS'Automatic,-0.7
400,CARD_PAYMENT,2025,Mars,Vendredi,DIS'Automatic,-0.7
401,CARD_PAYMENT,2025,Mars,Vendredi,E.Leclerc,-2.67
402,CARD_PAYMENT,2025,Mars,Vendredi,Les Hameaux Bio 5,-55.41
403,CARD_PAYMENT,2025,Mars,Samedi,Papaia,-27.5
404,TOPUP,2025,Mars,Mardi,Payment from Ferreira Gaetan,200.0
405,CARD_PAYMENT,2025,Mars,Mardi,The Coffee House,-8.0
406,CARD_PAYMENT,2025,Mars,Mardi,The Coffee House,-10.2
407,CARD_PAYMENT,2025,Mars,Mercredi,Carrefour,-28.12
408,CARD_PAYMENT,2025,Mars,Mercredi,Carrefour,-3.38
409,CARD_PAYMENT,2025,Mars,Mercredi,DIS'Automatic,-0.95
410,CARD_PAYMENT,2025,Mars,Mercredi,DIS'Automatic,-0.95
411,CARD_PAYMENT,2025,Mars,Mercredi,Pai Lombarderie,-1.85
412,CARD_PAYMENT,2025,Mars,Jeudi,The Coffee House,-23.0
413,CARD_PAYMENT,2025,Mars,Mercredi,The Coffee House,-12.0
414,CARD_PAYMENT,2025,Mars,Jeudi,E.Leclerc,-3.3
415,CARD_PAYMENT,2025,Mars,Jeudi,E.Leclerc,-20.08
416,CARD_PAYMENT,2025,Mars,Jeudi,Pharma Paridis,-10.8
417,CARD_PAYMENT,2025,Mars,Jeudi,Unan Regie30 Sum,-9.0
418,CARD_PAYMENT,2025,Mars,Vendredi,E.Leclerc,-10.51
419,CARD_PAYMENT,2025,Mars,Vendredi,Les Hameaux Bio 5,-40.01
420,CARD_PAYMENT,2025,Mars,Vendredi,DIS'Automatic,-0.95
421,CARD_PAYMENT,2025,Mars,Vendredi,DIS'Automatic,-0.95
422,CARD_PAYMENT,2025,Mars,Vendredi,DIS'Automatic,-0.95
423,CARD_PAYMENT,2025,Mars,Vendredi,DIS'Automatic,-0.7
424,CARD_PAYMENT,2025,Mars,Vendredi,DIS'Automatic,-0.7
425,CARD_PAYMENT,2025,Mars,Vendredi,DIS'Automatic,-0.95
426,CARD_PAYMENT,2025,Mars,Vendredi,DIS'Automatic,-0.7
427,TOPUP,2025,Mars,Samedi,Payment from Ferreira Gaetan,200.0
428,CARD_PAYMENT,2025,Mars,Samedi,Hyper U,-3.2
429,CARD_PAYMENT,2025,Mars,Dimanche,IntermarchÃ©,-10.31
430,CARD_PAYMENT,2025,Mars,Samedi,Ethereal Decibel,-8.0
431,CARD_PAYMENT,2025,Mars,Dimanche,Ethereal Decibel,-8.0
432,CARD_PAYMENT,2025,Mars,Lundi,E.Leclerc,-13.8
433,CARD_PAYMENT,2025,Mars,Mardi,Pai Lombarderie,-2.8
434,CARD_PAYMENT,2025,Mars,Mercredi,CALAO Finance,-5.83
435,CARD_PAYMENT,2025,Mars,Jeudi,E.Leclerc,-10.36
436,CARD_PAYMENT,2025,Mars,Jeudi,E.Leclerc,-4.87
437,TOPUP,2025,Mars,Vendredi,Payment from Ferreira Gaetan,60.0
438,CARD_PAYMENT,2025,Mars,Vendredi,La Coupe Carree,-20.4
439,CARD_PAYMENT,2025,Mars,Vendredi,IntermarchÃ©,-18.57
440,CARD_PAYMENT,2025,Mars,Vendredi,Carrefour,-44.0
441,TOPUP,2025,Mars,Samedi,Payment from Ferreira Gaetan,250.0
442,CARD_PAYMENT,2025,Mars,Vendredi,DIS'Automatic,-0.95
443,CARD_PAYMENT,2025,Mars,Vendredi,DIS'Automatic,-0.7
444,CARD_PAYMENT,2025,Mars,Vendredi,Flash Net,-2.4
445,CARD_PAYMENT,2025,Mars,Vendredi,Les Hameaux Bio 5,-61.57
446,CARD_PAYMENT,2025,Mars,Vendredi,Flash Net,-5.0
447,CARD_PAYMENT,2025,Mars,Vendredi,Flash Net,-1.2
448,CARD_PAYMENT,2025,Mars,Samedi,MAISON GEORGES LARNICOL - MOF - Biscuiterie Chocolaterie,-6.0
449,CARD_PAYMENT,2025,Mars,Samedi,Otaku No Dera,-45.0
450,CARD_PAYMENT,2025,Mars,Samedi,Avril,-8.0
451,CARD_PAYMENT,2025,Mars,Samedi,Volcom Nantes,-65.0
452,CARD_PAYMENT,2025,Mars,Samedi,Papaia,-31.0
453,CARD_PAYMENT,2025,Mars,Lundi,DIS'Automatic,-0.95
454,CARD_PAYMENT,2025,Mars,Lundi,DIS'Automatic,-0.7
455,CARD_PAYMENT,2025,Mars,Lundi,DIS'Automatic,-0.65
456,CARD_PAYMENT,2025,Mars,Lundi,DIS'Automatic,-0.7
457,CARD_PAYMENT,2025,Mars,Lundi,E.Leclerc,-1.69
458,CARD_PAYMENT,2025,Mars,Dimanche,Papaia,-29.5
459,CARD_PAYMENT,2025,Mars,Mardi,Boulangerie Ange,-2.9
460,CARD_PAYMENT,2025,Mars,Mardi,E.Leclerc,-11.68
461,CARD_PAYMENT,2025,Mars,Mardi,DIS'Automatic,-0.95
462,CARD_PAYMENT,2025,Mars,Mardi,DIS'Automatic,-0.95
463,CARD_PAYMENT,2025,Mars,Mardi,DIS'Automatic,-0.7
464,CARD_PAYMENT,2025,Mars,Mardi,DIS'Automatic,-0.65
465,CARD_PAYMENT,2025,Mars,Mardi,DIS'Automatic,-0.95
466,CARD_PAYMENT,2025,Mars,Mardi,DIS'Automatic,-0.8
467,CARD_PAYMENT,2025,Mars,Mardi,DIS'Automatic,-0.65
468,CARD_PAYMENT,2025,Mars,Mardi,DIS'Automatic,-0.65
469,CARD_PAYMENT,2025,Mars,Mardi,DIS'Automatic,-0.65
470,CARD_PAYMENT,2025,Mars,Mercredi,Burger King,-10.8
471,CARD_PAYMENT,2025,Mars,Mercredi,DIS'Automatic,-0.8
472,CARD_PAYMENT,2025,Mars,Mercredi,DIS'Automatic,-0.95
473,CARD_PAYMENT,2025,Mars,Mercredi,DIS'Automatic,-0.95
474,CARD_PAYMENT,2025,Mars,Mercredi,DIS'Automatic,-0.7
475,CARD_PAYMENT,2025,Mars,Mercredi,Game Over,-9.0
476,CARD_PAYMENT,2025,Mars,Mercredi,Game Over,-9.0
477,TOPUP,2025,Mars,Jeudi,Payment from Ferreira Gaetan,160.0
478,CARD_PAYMENT,2025,Mars,Mercredi,The Coffee House,-12.0
479,CARD_PAYMENT,2025,Mars,Mercredi,The Coffee House,-12.0
480,CARD_PAYMENT,2025,Mars,Jeudi,DIS'Automatic,-0.7
481,CARD_PAYMENT,2025,Mars,Jeudi,DIS'Automatic,-0.8
482,CARD_PAYMENT,2025,Mars,Jeudi,DIS'Automatic,-0.95
483,CARD_PAYMENT,2025,Mars,Jeudi,DIS'Automatic,-0.7
484,CARD_PAYMENT,2025,Mars,Jeudi,E.Leclerc,-27.6
485,CARD_PAYMENT,2025,Mars,Vendredi,Les Hameaux Bio 5,-28.92
486,CARD_PAYMENT,2025,Mars,Vendredi,DIS'Automatic,-0.95
487,CARD_PAYMENT,2025,Mars,Vendredi,DIS'Automatic,-0.95
488,CARD_PAYMENT,2025,Mars,Vendredi,DIS'Automatic,-0.7
489,CARD_PAYMENT,2025,Mars,Samedi,IntermarchÃ©,-26.91
490,CARD_PAYMENT,2025,Mars,Samedi,Papaia,-27.0
491,CARD_PAYMENT,2025,Mars,Lundi,IntermarchÃ©,-17.15
492,CARD_PAYMENT,2025,Mars,Dimanche,Papaia,-14.0
493,CARD_PAYMENT,2025,Mars,Lundi,DIS'Automatic,-0.95
494,CARD_PAYMENT,2025,Mars,Lundi,DIS'Automatic,-1.1
495,CARD_PAYMENT,2025,Mars,Lundi,DIS'Automatic,-1.05
496,CARD_PAYMENT,2025,Mars,Lundi,DIS'Automatic,-1.1
497,CARD_PAYMENT,2025,Mars,Lundi,Pai Lombarderie,-1.0
